[
    {"id":1,"groupName":"Шоколадный батончик","groupInfo":"Шоколадные батончики. вкуснятина"},
    {"id":2,"groupName":"Шоколадки","groupInfo":"Очень вредно, но вкуснооооо....."},
    {"id":3,"groupName":"Печенье с начинкой","groupInfo":"И это вкусно. И калорийно."},
    {"id":4,"groupName":"Вафли","groupInfo":"Хрустяще. И калорийно."},
    {"id":5,"groupName":"Карамель","groupInfo":"На любителя"}
]